"ID","EVENT_TYPE","Time","AMP","MAFR","MEFR","DUR","RATIO"
100000,4,"2014-01-01 02:00:00",27.07,13.4,3.86714285714286,7,10.565371024735
100000,4,"2014-01-01 04:15:00",0.0100000000000002,0.0100000000000002,0.0100000000000002,1,1.00354609929078
100000,4,"2014-01-01 04:45:00",0.00999999999999979,0.00999999999999979,0.00999999999999979,1,1.00355871886121
100000,4,"2014-01-01 05:15:00",0.0100000000000002,0.0100000000000002,0.0100000000000002,1,1.00357142857143
100000,4,"2014-01-01 06:00:00",0.00999999999999979,0.00999999999999979,0.00999999999999979,1,1.00358422939068
100000,4,"2014-01-01 06:30:00",0.0100000000000002,0.0100000000000002,0.0100000000000002,1,1.00359712230216
100000,4,"2014-01-01 07:15:00",0.00999999999999979,0.00999999999999979,0.00999999999999979,1,1.00361010830325
100000,4,"2014-01-01 07:45:00",0.0100000000000002,0.0100000000000002,0.0100000000000002,1,1.0036231884058
100000,4,"2014-01-01 08:15:00",0.00999999999999979,0.00999999999999979,0.00999999999999979,1,1.00363636363636
100000,4,"2014-01-01 09:00:00",0.00999999999999979,0.00999999999999979,0.00999999999999979,1,1.0036496350365
100000,4,"2014-01-01 09:30:00",0.0100000000000002,0.0100000000000002,0.0100000000000002,1,1.003663003663
100000,4,"2014-01-01 10:00:00",0.00999999999999979,0.00999999999999979,0.00999999999999979,1,1.00367647058824
100000,4,"2014-01-01 11:15:00",29.47,13.9,3.27444444444444,9,12.2053231939164
100000,4,"2014-01-01 15:00:00",0.1,0.0100000000000002,0.01,10,1.03717472118959
100000,4,"2014-01-01 18:30:00",31.04,16,3.44888888888889,9,13.125
100000,4,"2014-01-02 06:00:00",1.2,0.200000000000003,0.2,6,1.04040404040404
100000,4,"2014-01-02 07:45:00",27.44,13.98,6.86,4,12.1544715447154
100000,4,"2014-01-02 14:30:00",0.23,0.15,0.0766666666666667,3,1.06149732620321
100000,4,"2014-01-02 16:15:00",0.39,0.0900000000000003,0.078,5,1.11079545454545
100000,4,"2014-01-02 20:15:00",27.37,14.2,3.42125,8,10.03300330033
100000,4,"2014-01-02 22:30:00",0.02,0.0100000000000002,0.01,2,1.00664451827243
100000,4,"2014-01-02 23:15:00",0.00999999999999979,0.00999999999999979,0.00999999999999979,1,1.00333333333333
100000,4,"2014-01-02 23:45:00",0.02,0.0100000000000002,0.01,2,1.00671140939597
100000,4,"2014-01-03 00:30:00",0.02,0.0100000000000002,0.01,2,1.00675675675676
100000,4,"2014-01-03 01:15:00",0.02,0.0100000000000002,0.01,2,1.00680272108844
100000,4,"2014-01-03 02:00:00",0.02,0.0100000000000002,0.01,2,1.00684931506849
100000,4,"2014-01-03 02:45:00",0.02,0.0100000000000002,0.01,2,1.00689655172414
100000,4,"2014-01-03 03:30:00",0.00999999999999979,0.00999999999999979,0.00999999999999979,1,1.00346020761246
100000,4,"2014-01-03 04:00:00",0.02,0.0100000000000002,0.01,2,1.00696864111498
100000,4,"2014-01-03 04:45:00",0.0100000000000002,0.0100000000000002,0.0100000000000002,1,1.0034965034965
100000,4,"2014-01-03 06:30:00",27.32,13.6,3.03555555555556,9,10.4861111111111
100000,4,"2014-01-03 09:00:00",0.0299999999999998,0.0100000000000002,0.00999999999999993,3,1.01052631578947
100000,4,"2014-01-03 10:00:00",0.04,0.0100000000000002,0.01,4,1.01423487544484
100000,4,"2014-01-03 11:15:00",0.0300000000000002,0.0100000000000002,0.0100000000000001,3,1.01079136690647
100000,4,"2014-01-03 12:15:00",0.0299999999999998,0.0100000000000002,0.00999999999999993,3,1.01090909090909
100000,4,"2014-01-03 13:15:00",0.00999999999999979,0.00999999999999979,0.00999999999999979,1,1.0036496350365
100000,4,"2014-01-03 18:15:00",26.87,13.9,5.374,5,9.86798679867987
100000,4,"2014-01-04 03:30:00",27.18,13.3,5.436,5,8.30645161290322
100000,4,"2014-01-04 06:30:00",0.599999999999998,0.199999999999999,0.149999999999999,4,1.01993355481728
100000,4,"2014-01-04 08:15:00",27.39,13.44,1.245,22,10.0996677740864
100000,4,"2014-01-04 14:30:00",0.00999999999999979,0.00999999999999979,0.00999999999999979,1,1.00333333333333
100000,4,"2014-01-04 15:30:00",0.00999999999999979,0.00999999999999979,0.00999999999999979,1,1.00334448160535
100000,4,"2014-01-04 16:45:00",0.0100000000000002,0.0100000000000002,0.0100000000000002,1,1.00335570469799
100000,4,"2014-01-04 18:30:00",28.13,14.1,2.16384615384615,13,10.801393728223
100000,4,"2014-01-04 23:45:00",0.0100000000000002,0.0100000000000002,0.0100000000000002,1,1.0034965034965
100000,4,"2014-01-05 01:45:00",0.00999999999999979,0.00999999999999979,0.00999999999999979,1,1.00350877192982
100000,4,"2014-01-05 03:45:00",0.0100000000000002,0.0100000000000002,0.0100000000000002,1,1.00352112676056
100000,4,"2014-01-05 06:45:00",28.73,13.9,1.30590909090909,22,11.7602996254682
100000,4,"2014-01-05 14:45:00",0.0100000000000002,0.0100000000000002,0.0100000000000002,1,1.00347222222222
100000,4,"2014-01-05 15:15:00",0.00999999999999979,0.00999999999999979,0.00999999999999979,1,1.00348432055749
100000,4,"2014-01-05 15:45:00",0.0100000000000002,0.0100000000000002,0.0100000000000002,1,1.0034965034965
100000,4,"2014-01-05 16:30:00",0.00999999999999979,0.00999999999999979,0.00999999999999979,1,1.00350877192982
100000,4,"2014-01-05 17:00:00",0.0100000000000002,0.0100000000000002,0.0100000000000002,1,1.00352112676056
100000,4,"2014-01-05 18:15:00",28.68,14.5,1.912,15,11.9465648854962
100000,4,"2014-01-05 22:15:00",0.0100000000000002,0.0100000000000002,0.0100000000000002,1,1.00383141762452
100000,4,"2014-01-05 23:00:00",0.00999999999999979,0.00999999999999979,0.00999999999999979,1,1.00384615384615
100000,4,"2014-01-05 23:30:00",0.0100000000000002,0.0100000000000002,0.0100000000000002,1,1.003861003861
100000,4,"2014-01-06 00:00:00",0.00999999999999979,0.00999999999999979,0.00999999999999979,1,1.00387596899225
100000,4,"2014-01-06 00:30:00",0.0100000000000002,0.0100000000000002,0.0100000000000002,1,1.00389105058366
100000,4,"2014-01-06 01:15:00",0.00999999999999979,0.00999999999999979,0.00999999999999979,1,1.00390625
100000,4,"2014-01-06 01:45:00",0.0100000000000002,0.0100000000000002,0.0100000000000002,1,1.00392156862745
100000,4,"2014-01-06 02:15:00",0.00999999999999979,0.00999999999999979,0.00999999999999979,1,1.00393700787402
100000,4,"2014-01-06 02:45:00",0.0100000000000002,0.0100000000000002,0.0100000000000002,1,1.00395256916996
100000,4,"2014-01-06 03:30:00",0.00999999999999979,0.00999999999999979,0.00999999999999979,1,1.00396825396825
100000,4,"2014-01-06 04:00:00",0.0100000000000002,0.0100000000000002,0.0100000000000002,1,1.00398406374502
100000,4,"2014-01-06 04:30:00",0.00999999999999979,0.00999999999999979,0.00999999999999979,1,1.004
100000,4,"2014-01-06 05:15:00",0.00999999999999979,0.00999999999999979,0.00999999999999979,1,1.00401606425703
100000,4,"2014-01-06 05:45:00",0.0100000000000002,0.0100000000000002,0.0100000000000002,1,1.00403225806452
100000,4,"2014-01-06 06:45:00",0.199999999999999,0.100000000000001,0.0999999999999996,2,1.00675675675676
100000,4,"2014-01-06 07:30:00",0.200000000000003,0.100000000000001,0.100000000000001,2,1.00680272108844
100000,4,"2014-01-06 08:15:00",27.11,14,3.87285714285714,7,12.8384279475983
100000,4,"2014-01-06 14:30:00",0.51,0.28,0.17,3,1.1672131147541
100000,4,"2014-01-06 16:00:00",30.21,13.81,4.31571428571429,7,11.4532871972318
100000,4,"2014-01-06 18:00:00",0.0100000000000002,0.0100000000000002,0.0100000000000002,1,1.00347222222222
100000,4,"2014-01-06 18:30:00",0.02,0.0100000000000002,0.01,2,1.00699300699301
100000,4,"2014-01-06 19:15:00",0.00999999999999979,0.00999999999999979,0.00999999999999979,1,1.00350877192982
100000,4,"2014-01-06 19:45:00",0.02,0.0100000000000002,0.01,2,1.00706713780919
100000,4,"2014-01-06 20:30:00",0.0100000000000002,0.0100000000000002,0.0100000000000002,1,1.00354609929078
100000,4,"2014-01-06 21:00:00",0.02,0.0100000000000002,0.01,2,1.00714285714286
100000,4,"2014-01-06 21:45:00",0.00999999999999979,0.00999999999999979,0.00999999999999979,1,1.00358422939068
100000,4,"2014-01-06 22:15:00",0.02,0.0100000000000002,0.01,2,1.0072202166065
100000,4,"2014-01-06 23:00:00",0.0100000000000002,0.0100000000000002,0.0100000000000002,1,1.0036231884058
100000,4,"2014-01-06 23:30:00",0.0199999999999996,0.00999999999999979,0.00999999999999979,2,1.00729927007299
100000,4,"2014-01-07 04:00:00",28.95,13.41,3.21666666666667,9,13.3191489361702
100000,4,"2014-01-07 07:00:00",0.900000000000002,0.400000000000002,0.300000000000001,3,1.02980132450331
100000,4,"2014-01-07 08:00:00",27.84,14.6,3.97714285714286,7,12.7966101694915
100000,4,"2014-01-07 15:15:00",0.36,0.0500000000000003,0.045,8,1.1304347826087
100000,4,"2014-01-07 19:15:00",28.29,13.51,2.57181818181818,11,12.2709163346614
100000,4,"2014-01-08 07:15:00",27.69,13.72,2.3075,12,12.987012987013
100000,4,"2014-01-08 13:30:00",1.17,0.65,0.585,2,1.30548302872063
100000,4,"2014-01-08 14:45:00",0.67,0.19,0.111666666666667,6,1.18306010928962
100000,4,"2014-01-08 20:00:00",4.3,2.3,2.15,2,1.07263513513514
100000,4,"2014-01-08 23:15:00",29.7,14.1,5.94,5,1.99664429530201
100000,4,"2014-01-09 01:45:00",0.100000000000001,0.100000000000001,0.100000000000001,1,1.003367003367
100000,4,"2014-01-09 08:45:00",0.0999999999999943,0.0999999999999943,0.0999999999999943,1,1.0016339869281
100000,4,"2014-01-09 09:15:00",0.200000000000003,0.100000000000001,0.100000000000001,2,1.00327868852459
100000,4,"2014-01-09 10:00:00",0.100000000000001,0.100000000000001,0.100000000000001,1,1.00164203612479
100000,4,"2014-01-09 10:30:00",0.100000000000001,0.100000000000001,0.100000000000001,1,1.00164473684211
100000,4,"2014-01-09 11:00:00",0.0999999999999943,0.0999999999999943,0.0999999999999943,1,1.00164744645799
100000,4,"2014-01-09 11:30:00",0.100000000000001,0.100000000000001,0.100000000000001,1,1.0016501650165
100000,4,"2014-01-09 17:45:00",0.100000000000001,0.100000000000001,0.100000000000001,1,1.00165289256198
100000,4,"2014-01-09 19:00:00",0.100000000000001,0.100000000000001,0.100000000000001,1,1.00165562913907
100000,4,"2014-01-09 19:30:00",57.11,14.3,5.711,10,18.3586626139818
100000,4,"2014-01-10 04:30:00",30.1,13.8,1.43333333333333,21,6.78846153846154
100000,4,"2014-01-10 10:45:00",27.46,13.6,2.746,10,7.47641509433962
100000,4,"2014-01-10 17:30:00",41.2,12.84,0.958139534883721,43,12.1351351351351
100000,4,"2014-01-11 05:30:00",0.600000000000001,0.200000000000003,0.15,4,1.01973684210526
100000,4,"2014-01-11 07:00:00",26.87,14,2.687,10,8.40220385674931
100000,4,"2014-01-11 12:15:00",30.41,15.7,1.5205,20,9.7134670487106
100000,4,"2014-01-11 18:00:00",0.100000000000001,0.100000000000001,0.100000000000001,1,1.00235849056604
100000,4,"2014-01-11 19:15:00",10.3,5,2.575,4,1.3208722741433
100000,4,"2014-01-11 20:30:00",0.200000000000003,0.100000000000001,0.100000000000001,2,1.00626959247649
100000,4,"2014-01-11 21:15:00",0.199999999999999,0.100000000000001,0.0999999999999996,2,1.00630914826498
100000,4,"2014-01-11 22:00:00",0.199999999999999,0.100000000000001,0.0999999999999996,2,1.00634920634921
100000,4,"2014-01-11 22:45:00",0.199999999999999,0.100000000000001,0.0999999999999996,2,1.00638977635783
100000,4,"2014-01-11 23:30:00",28.12,14.4,1.17166666666667,24,9.84276729559748
100000,4,"2014-01-12 08:30:00",0.100000000000001,0.100000000000001,0.100000000000001,1,1.00168634064081
100000,4,"2014-01-12 09:15:00",0.0999999999999943,0.0999999999999943,0.0999999999999943,1,1.00168918918919
100000,4,"2014-01-12 10:15:00",0.100000000000001,0.100000000000001,0.100000000000001,1,1.00169204737733
100000,4,"2014-01-12 11:15:00",0.100000000000001,0.100000000000001,0.100000000000001,1,1.00169491525424
100000,4,"2014-01-12 13:15:00",0.0999999999999943,0.0999999999999943,0.0999999999999943,1,1.0016339869281
100000,4,"2014-01-12 14:00:00",0.100000000000001,0.100000000000001,0.100000000000001,1,1.00163666121113
100000,4,"2014-01-12 15:00:00",0.100000000000001,0.100000000000001,0.100000000000001,1,1.0016393442623
100000,4,"2014-01-12 16:45:00",0.100000000000001,0.100000000000001,0.100000000000001,1,1.00158982511924
100000,4,"2014-01-12 18:00:00",6.50000000000001,3.8,3.25,2,1.1033386327504
100000,4,"2014-01-12 19:30:00",21.6,11.6,7.2,3,1.52173913043478
100000,4,"2014-01-12 20:45:00",3.5,2.5,1.75,2,1.08728179551122
100000,4,"2014-01-12 23:15:00",44.47,21.5,2.61588235294118,17,15.2076677316294
100000,4,"2014-01-13 03:45:00",0.0299999999999998,0.0100000000000002,0.00999999999999993,3,1.00967741935484
100000,4,"2014-01-13 04:45:00",0.02,0.0100000000000002,0.01,2,1.00649350649351
100000,4,"2014-01-13 05:30:00",0.02,0.0100000000000002,0.01,2,1.00653594771242
100000,4,"2014-01-13 07:15:00",0.0999999999999943,0.0999999999999943,0.0999999999999943,1,1.00170357751278
100000,4,"2014-01-13 12:00:00",28.1,12.4,5.62,5,1.87267080745342
100000,4,"2014-01-13 19:30:00",27.9,14.4,6.975,4,1.83283582089552
100000,4,"2014-01-13 21:45:00",4.8,3,2.4,2,1.1437125748503
100000,4,"2014-01-13 22:30:00",4,3.6,2,2,1.125
100000,4,"2014-01-13 23:15:00",30.4,16,1.26666666666667,24,11.4827586206897
100000,4,"2014-01-14 11:45:00",23,11.2,7.66666666666667,3,1.4020979020979
100000,4,"2014-01-14 14:30:00",5.40000000000001,3.10000000000001,1.8,3,1.08083832335329
100000,4,"2014-01-14 15:30:00",0.799999999999997,0.5,0.399999999999999,2,1.01212121212121
100000,4,"2014-01-14 16:30:00",6.6,2.5,2.2,3,1.10492845786963
100000,4,"2014-01-14 18:00:00",0.599999999999994,0.399999999999991,0.299999999999997,2,1.00839160839161
100000,4,"2014-01-14 19:15:00",27,11.2,6.75,4,1.51823416506718
100000,4,"2014-01-14 20:30:00",14.4,6.8,3.6,4,1.38196286472149
100000,4,"2014-01-14 21:45:00",7.8,3.7,2.6,3,1.26086956521739
100000,4,"2014-01-14 23:15:00",0.0999999999999979,0.0999999999999979,0.0999999999999979,1,1.00335570469799
100000,4,"2014-01-14 23:45:00",0.100000000000001,0.100000000000001,0.100000000000001,1,1.003367003367
100000,4,"2014-01-15 00:15:00",0.0999999999999979,0.0999999999999979,0.0999999999999979,1,1.00337837837838
100000,4,"2014-01-15 00:45:00",0.200000000000003,0.100000000000001,0.100000000000001,2,1.00680272108844
100000,4,"2014-01-15 01:30:00",0.0999999999999979,0.0999999999999979,0.0999999999999979,1,1.00341296928328
100000,4,"2014-01-15 02:00:00",26.25,12.76,5.25,5,9.60655737704918
100000,4,"2014-01-15 03:30:00",0.04,0.0100000000000002,0.01,4,1.01328903654485
100000,4,"2014-01-15 04:45:00",0.0299999999999998,0.0100000000000002,0.00999999999999993,3,1.01006711409396
100000,4,"2014-01-15 05:45:00",0.02,0.0100000000000002,0.01,2,1.00675675675676
100000,4,"2014-01-15 08:30:00",0.0999999999999943,0.0999999999999943,0.0999999999999943,1,1.00125
100000,4,"2014-01-15 10:00:00",22.9,10.6,2.8625,8,1.40105078809107
100000,4,"2014-01-15 18:15:00",0.899999999999991,0.899999999999991,0.899999999999991,1,1.01193633952255
100000,4,"2014-01-15 19:15:00",48.2,22.6,12.05,4,2.47852760736196
100000,4,"2014-01-15 21:45:00",39.88,13.09,1.81272727272727,22,14.6575342465753
100000,4,"2014-01-16 04:15:00",0.299999999999997,0.100000000000001,0.099999999999999,3,1.01030927835052
100000,4,"2014-01-16 08:00:00",6,4.10000000000001,3,2,1.0765306122449
100000,4,"2014-01-16 09:00:00",1.8,0.900000000000006,0.449999999999999,4,1.02292993630573
100000,4,"2014-01-16 10:30:00",3.19999999999999,2.59999999999999,1.59999999999999,2,1.04244031830239
100000,4,"2014-01-16 11:30:00",43.5,9.89999999999999,3.625,12,2.25722543352601
100000,4,"2014-01-16 18:15:00",21.4,9.40000000000001,4.28,5,1.36087689713322
100000,4,"2014-01-16 20:00:00",29,10,3.625,8,1.94155844155844
100000,4,"2014-01-16 22:30:00",28.22,13.79,1.48526315789474,19,10.7986111111111
100000,4,"2014-01-17 09:30:00",0.100000000000001,0.100000000000001,0.100000000000001,1,1.00323624595469
100000,4,"2014-01-17 10:00:00",0.0999999999999979,0.0999999999999979,0.0999999999999979,1,1.00324675324675
100000,4,"2014-01-17 10:45:00",0.100000000000001,0.100000000000001,0.100000000000001,1,1.00325732899023
100000,4,"2014-01-17 11:15:00",0.0999999999999979,0.0999999999999979,0.0999999999999979,1,1.00326797385621
100000,4,"2014-01-17 13:00:00",0.700000000000003,0.600000000000001,0.350000000000001,2,1.01983002832861
100000,4,"2014-01-17 13:45:00",3.7,2.2,1.23333333333333,3,1.11708860759494
100000,4,"2014-01-17 15:15:00",2.3,1.3,0.766666666666666,3,1.03387334315169
100000,4,"2014-01-17 16:30:00",0.0999999999999943,0.0999999999999943,0.0999999999999943,1,1.00140845070423
100000,4,"2014-01-17 17:30:00",1.09999999999999,0.799999999999997,0.549999999999997,2,1.01385390428212
100000,4,"2014-01-17 19:15:00",13.2,6.59999999999999,4.4,3,1.19760479041916
100000,4,"2014-01-17 20:15:00",0.299999999999997,0.100000000000009,0.099999999999999,3,1.00451127819549
100000,4,"2014-01-17 21:15:00",0.299999999999997,0.100000000000009,0.099999999999999,3,1.00453172205438
100000,4,"2014-01-17 22:15:00",63.36,17.2,1.86352941176471,34,23.3098591549296
100000,4,"2014-01-18 09:15:00",27.48,14.1,2.49818181818182,11,10.7446808510638
100000,4,"2014-01-18 20:15:00",37.2,11.7,3.72,10,1.89208633093525
100000,4,"2014-01-18 23:15:00",39.21,15.1,1.307,30,16.7469879518072
100000,4,"2014-01-19 09:15:00",37.3,18.8,9.325,4,1.94191919191919
100000,4,"2014-01-19 15:45:00",0.100000000000001,0.100000000000001,0.100000000000001,1,1.00173010380623
100000,4,"2014-01-19 19:15:00",53.8,13.1,3.58666666666667,15,2.83617747440273
100000,4,"2014-01-19 23:30:00",38.32,19.7,1.47384615384615,26,17.8070175438597
100000,4,"2014-01-20 11:45:00",0.299999999999997,0.200000000000003,0.149999999999999,2,1.00381194409149
100000,4,"2014-01-20 14:15:00",20.8,10.3,2.97142857142857,7,1.35194585448393
100000,4,"2014-01-20 17:00:00",1.39999999999999,1.39999999999999,1.39999999999999,1,1.01801801801802
100000,4,"2014-01-20 18:45:00",0.599999999999994,0.299999999999997,0.299999999999997,2,1.00745341614907
100000,4,"2014-01-20 19:30:00",53.1,14.4,10.62,5,2.93090909090909
100000,4,"2014-01-20 22:00:00",27.47,13.1,1.14458333333333,24,13.3183856502242
100000,4,"2014-01-21 04:30:00",0.00999999999999979,0.00999999999999979,0.00999999999999979,1,1.0045045045045
100000,4,"2014-01-21 12:00:00",0.599999999999994,0.299999999999997,0.199999999999998,3,1.00777202072539
100000,4,"2014-01-21 13:45:00",13.9,5.90000000000001,1.54444444444444,9,1.21417565485362
100000,4,"2014-01-21 19:45:00",0.0999999999999943,0.0999999999999943,0.0999999999999943,1,1.00129533678756
100000,4,"2014-01-21 20:15:00",33.9,17.3,8.475,4,1.78290993071594
100000,4,"2014-01-21 21:30:00",41.4,18.6,1.656,25,16.9230769230769
100000,4,"2014-01-22 04:00:00",0.0100000000000002,0.0100000000000002,0.0100000000000002,1,1.003861003861
100000,4,"2014-01-22 04:45:00",0.00999999999999979,0.00999999999999979,0.00999999999999979,1,1.00387596899225
100000,4,"2014-01-22 06:45:00",6.90000000000001,2,1.38,5,1.09583333333333
100000,4,"2014-01-22 09:15:00",1.10000000000001,1.10000000000001,1.10000000000001,1,1.01413881748072
100000,4,"2014-01-22 10:00:00",0.400000000000006,0.200000000000003,0.133333333333335,3,1.00503144654088
100000,4,"2014-01-22 11:00:00",2,1.10000000000001,0.5,4,1.02560819462228
100000,4,"2014-01-22 12:30:00",6,2.89999999999999,2,3,1.0828729281768
100000,4,"2014-01-22 13:30:00",39.6,12.3,4.95,8,2.14450867052023
100000,4,"2014-01-22 17:15:00",3.8,0.800000000000011,0.633333333333333,6,1.04909560723514
100000,4,"2014-01-22 19:45:00",75.9,16.7,4.74375,16,27.1724137931034
100000,4,"2014-01-23 00:00:00",0.0499999999999998,0.0100000000000002,0.00999999999999996,5,1.01754385964912
100000,4,"2014-01-23 01:30:00",0.04,0.0100000000000002,0.01,4,1.01423487544484
100000,4,"2014-01-23 02:45:00",0.0500000000000003,0.0100000000000002,0.0100000000000001,5,1.01811594202899
100000,4,"2014-01-23 04:30:00",0.00999999999999979,0.00999999999999979,0.00999999999999979,1,1.00363636363636
100000,4,"2014-01-23 05:30:00",0.00999999999999979,0.00999999999999979,0.00999999999999979,1,1.0036496350365
100000,4,"2014-01-23 07:15:00",1.59999999999999,0.700000000000003,0.533333333333331,3,1.02091503267974
100000,4,"2014-01-23 11:00:00",0.0999999999999943,0.0999999999999943,0.0999999999999943,1,1.00125
100000,4,"2014-01-23 11:45:00",21.4,10.9,7.13333333333333,3,1.36518771331058
100000,4,"2014-01-23 13:30:00",0.200000000000003,0.200000000000003,0.200000000000003,1,1.003367003367
100000,4,"2014-01-23 14:30:00",1.6,0.800000000000004,0.800000000000001,2,1.02716468590832
100000,4,"2014-01-23 15:15:00",1.59999999999999,1.2,0.799999999999997,2,1.02772963604853
100000,4,"2014-01-23 16:00:00",2,2,2,1,1.03571428571429
100000,4,"2014-01-23 17:00:00",0.399999999999991,0.200000000000003,0.199999999999996,2,1.0050505050505
100000,4,"2014-01-23 18:30:00",21.5,10.3,3.07142857142857,7,1.36752136752137
100000,4,"2014-01-23 23:00:00",55.74,13.2,4.28769230769231,13,21.195652173913
100000,4,"2014-01-24 02:30:00",0.00999999999999979,0.00999999999999979,0.00999999999999979,1,1.00363636363636
100000,4,"2014-01-24 03:45:00",0.00999999999999979,0.00999999999999979,0.00999999999999979,1,1.0036496350365
100000,4,"2014-01-24 04:45:00",0.0100000000000002,0.0100000000000002,0.0100000000000002,1,1.003663003663
100000,4,"2014-01-24 06:00:00",0.00999999999999979,0.00999999999999979,0.00999999999999979,1,1.00367647058824
100000,4,"2014-01-24 07:00:00",0.0100000000000002,0.0100000000000002,0.0100000000000002,1,1.00369003690037
100000,4,"2014-01-24 08:15:00",0.00999999999999979,0.00999999999999979,0.00999999999999979,1,1.0037037037037
100000,4,"2014-01-24 09:15:00",0.0100000000000002,0.0100000000000002,0.0100000000000002,1,1.00371747211896
100000,4,"2014-01-24 10:30:00",0.00999999999999979,0.00999999999999979,0.00999999999999979,1,1.00373134328358
100000,4,"2014-01-24 11:30:00",0.0100000000000002,0.0100000000000002,0.0100000000000002,1,1.00374531835206
100000,4,"2014-01-24 13:30:00",0.199999999999999,0.100000000000001,0.0999999999999996,2,1.00664451827243
100000,4,"2014-01-24 14:15:00",27.43,13.74,3.42875,8,11.2734082397004
100000,4,"2014-01-24 19:15:00",40.7,21.1,13.5666666666667,3,1.98547215496368
100000,4,"2014-01-24 20:15:00",38.77,13.5,2.423125,16,15.2014652014652
100000,4,"2014-01-25 00:30:00",0.00999999999999979,0.00999999999999979,0.00999999999999979,1,1.00367647058824
100000,4,"2014-01-25 01:15:00",0.0100000000000002,0.0100000000000002,0.0100000000000002,1,1.00369003690037
100000,4,"2014-01-25 01:45:00",0.00999999999999979,0.00999999999999979,0.00999999999999979,1,1.0037037037037
100000,4,"2014-01-25 02:15:00",0.0100000000000002,0.0100000000000002,0.0100000000000002,1,1.00371747211896
100000,4,"2014-01-25 02:45:00",0.00999999999999979,0.00999999999999979,0.00999999999999979,1,1.00373134328358
100000,4,"2014-01-25 03:15:00",0.0100000000000002,0.0100000000000002,0.0100000000000002,1,1.00374531835206
100000,4,"2014-01-25 03:45:00",0.00999999999999979,0.00999999999999979,0.00999999999999979,1,1.00375939849624
100000,4,"2014-01-25 04:30:00",0.0100000000000002,0.0100000000000002,0.0100000000000002,1,1.00377358490566
100000,4,"2014-01-25 05:00:00",0.00999999999999979,0.00999999999999979,0.00999999999999979,1,1.00378787878788
100000,4,"2014-01-25 05:30:00",0.0100000000000002,0.0100000000000002,0.0100000000000002,1,1.00380228136882
100000,4,"2014-01-25 06:45:00",0.00999999999999979,0.00999999999999979,0.00999999999999979,1,1.00381679389313
100000,4,"2014-01-25 08:45:00",0.0100000000000002,0.0100000000000002,0.0100000000000002,1,1.00383141762452
100000,4,"2014-01-25 10:30:00",1.4,0.399999999999999,0.2,7,1.04430379746835
100000,4,"2014-01-25 12:30:00",0.100000000000001,0.100000000000001,0.100000000000001,1,1.0031746031746
100000,4,"2014-01-25 13:00:00",28.85,14.3,4.80833333333333,6,11.8867924528302
100000,4,"2014-01-25 14:45:00",0.00999999999999979,0.00999999999999979,0.00999999999999979,1,1.00378787878788
100000,4,"2014-01-25 16:15:00",0.0100000000000002,0.0100000000000002,0.0100000000000002,1,1.00380228136882
100000,4,"2014-01-25 19:00:00",75.89,22.5,1.68644444444444,45,33.8528138528139
100000,4,"2014-01-26 08:15:00",0.100000000000001,0.100000000000001,0.100000000000001,1,1.00169491525424
100000,4,"2014-01-26 10:00:00",4.59999999999999,2.3,1.15,4,1.07131782945736
100000,4,"2014-01-26 11:45:00",9.5,4.90000000000001,4.75,2,1.1537216828479
100000,4,"2014-01-26 15:00:00",24.5,11.8,4.9,5,1.63636363636364
100000,4,"2014-01-26 19:45:00",0.599999999999994,0.100000000000009,0.099999999999999,6,1.00759493670886
100000,4,"2014-01-26 21:45:00",48.5,16.2,6.0625,8,2.43916913946588
100000,4,"2014-01-27 00:00:00",31.64,15.7,5.27333333333333,6,12.463768115942
100000,4,"2014-01-27 02:00:00",0.00999999999999979,0.00999999999999979,0.00999999999999979,1,1.00363636363636
100000,4,"2014-01-27 03:15:00",0.00999999999999979,0.00999999999999979,0.00999999999999979,1,1.0036496350365
100000,4,"2014-01-27 04:30:00",0.0100000000000002,0.0100000000000002,0.0100000000000002,1,1.003663003663
100000,4,"2014-01-27 05:45:00",0.00999999999999979,0.00999999999999979,0.00999999999999979,1,1.00367647058824
100000,4,"2014-01-27 07:00:00",1.59999999999999,1.59999999999999,1.59999999999999,1,1.02094240837696
100000,4,"2014-01-27 12:30:00",10.2,3.59999999999999,2.55,4,1.14977973568282
100000,4,"2014-01-27 14:30:00",7.8,3.5,1.95,4,1.10848400556328
100000,4,"2014-01-27 18:30:00",3.90000000000001,2.3,1.95,2,1.04961832061069
100000,4,"2014-01-27 20:45:00",77.83,17.4,5.55928571428571,14,29.0974729241877
100000,4,"2014-01-28 00:30:00",0.02,0.0100000000000002,0.01,2,1.00727272727273
100000,4,"2014-01-28 01:15:00",0.0299999999999998,0.0100000000000002,0.00999999999999993,3,1.01102941176471
100000,4,"2014-01-28 02:15:00",0.0300000000000002,0.0100000000000002,0.0100000000000001,3,1.01115241635688
100000,4,"2014-01-28 03:15:00",0.0299999999999998,0.0100000000000002,0.00999999999999993,3,1.01127819548872
100000,4,"2014-01-28 04:15:00",0.0300000000000002,0.0100000000000002,0.0100000000000001,3,1.01140684410646
100000,4,"2014-01-28 05:15:00",0.0299999999999998,0.0100000000000002,0.00999999999999993,3,1.01153846153846
100000,4,"2014-01-28 07:30:00",0.5,0.5,0.5,1,1.00644329896907
100000,4,"2014-01-28 09:15:00",0.400000000000006,0.200000000000003,0.133333333333335,3,1.00506329113924
100000,4,"2014-01-28 10:30:00",6,3.09999999999999,3,2,1.08207934336525
100000,4,"2014-01-28 11:30:00",18,8,2.57142857142857,7,1.30456852791878
100000,4,"2014-01-28 14:00:00",9.90000000000001,2.60000000000001,1.1,9,1.14244604316547
100000,4,"2014-01-28 16:30:00",4.40000000000001,2.2,1.46666666666667,3,1.06758832565284
100000,4,"2014-01-28 18:00:00",8.8,5.19999999999999,4.4,2,1.12790697674419
100000,4,"2014-01-28 19:00:00",2.59999999999999,2.2,1.3,2,1.03703703703704
100000,4,"2014-01-28 20:00:00",2.90000000000001,1.90000000000001,1.45,2,1.03861517976032
100000,4,"2014-01-28 21:15:00",78.5,18,6.03846153846154,13,30.0740740740741
100000,4,"2014-01-29 00:45:00",0.02,0.0100000000000002,0.01,2,1.00746268656716
100000,4,"2014-01-29 01:30:00",0.0100000000000002,0.0100000000000002,0.0100000000000002,1,1.00374531835206
100000,4,"2014-01-29 02:00:00",0.02,0.0100000000000002,0.01,2,1.00754716981132
100000,4,"2014-01-29 02:45:00",0.00999999999999979,0.00999999999999979,0.00999999999999979,1,1.00378787878788
100000,4,"2014-01-29 03:15:00",0.02,0.0100000000000002,0.01,2,1.00763358778626
100000,4,"2014-01-29 04:00:00",0.0100000000000002,0.0100000000000002,0.0100000000000002,1,1.00383141762452
100000,4,"2014-01-29 04:30:00",0.02,0.0100000000000002,0.01,2,1.00772200772201
100000,4,"2014-01-29 05:15:00",0.00999999999999979,0.00999999999999979,0.00999999999999979,1,1.00387596899225
100000,4,"2014-01-29 08:30:00",21.6,6.3,3.08571428571429,7,1.4311377245509
100000,4,"2014-01-29 11:45:00",26.2,13.4,6.55,4,1.77744807121662
100000,4,"2014-01-29 13:00:00",0.100000000000001,0.100000000000001,0.100000000000001,1,1.00297619047619
100000,4,"2014-01-29 14:30:00",42.4,11.3,6.05714285714286,7,2.35897435897436
100000,4,"2014-01-29 22:00:00",68.25,18.5,5.6875,12,26.7547169811321
100000,4,"2014-01-30 01:15:00",0.00999999999999979,0.00999999999999979,0.00999999999999979,1,1.00378787878788
100000,4,"2014-01-30 02:30:00",0.0100000000000002,0.0100000000000002,0.0100000000000002,1,1.00380228136882
100000,4,"2014-01-30 03:45:00",0.00999999999999979,0.00999999999999979,0.00999999999999979,1,1.00381679389313
100000,4,"2014-01-30 05:15:00",0.0100000000000002,0.0100000000000002,0.0100000000000002,1,1.00383141762452
100000,4,"2014-01-30 08:00:00",10,3.3,1.66666666666667,6,1.14727540500736
100000,4,"2014-01-30 10:45:00",7,3.40000000000001,1.4,5,1.10309278350515
100000,4,"2014-01-30 12:15:00",0.100000000000009,0.100000000000009,0.100000000000009,1,1.00147492625369
100000,4,"2014-01-30 12:45:00",0.200000000000003,0.100000000000009,0.100000000000001,2,1.00295857988166
100000,4,"2014-01-30 13:30:00",35.8,17.8,11.9333333333333,3,2.12578616352201
100000,4,"2014-01-30 19:15:00",71.12,16.6,3.556,20,28.5658914728682
100000,4,"2014-01-31 00:45:00",0.0100000000000002,0.0100000000000002,0.0100000000000002,1,1.00389105058366
100000,4,"2014-01-31 01:15:00",0.00999999999999979,0.00999999999999979,0.00999999999999979,1,1.00390625
100000,4,"2014-01-31 01:45:00",0.0100000000000002,0.0100000000000002,0.0100000000000002,1,1.00392156862745
100000,4,"2014-01-31 02:15:00",0.00999999999999979,0.00999999999999979,0.00999999999999979,1,1.00393700787402
100000,4,"2014-01-31 02:45:00",0.0100000000000002,0.0100000000000002,0.0100000000000002,1,1.00395256916996
100000,4,"2014-01-31 03:15:00",0.00999999999999979,0.00999999999999979,0.00999999999999979,1,1.00396825396825
100000,4,"2014-01-31 03:45:00",0.0100000000000002,0.0100000000000002,0.0100000000000002,1,1.00398406374502
100000,4,"2014-01-31 04:15:00",0.00999999999999979,0.00999999999999979,0.00999999999999979,1,1.004
100000,4,"2014-01-31 04:45:00",0.00999999999999979,0.00999999999999979,0.00999999999999979,1,1.00401606425703
100000,4,"2014-01-31 05:15:00",0.0100000000000002,0.0100000000000002,0.0100000000000002,1,1.00403225806452
100000,4,"2014-01-31 05:45:00",0.00999999999999979,0.00999999999999979,0.00999999999999979,1,1.00404858299595
100000,4,"2014-01-31 06:30:00",0.0100000000000002,0.0100000000000002,0.0100000000000002,1,1.00406504065041
100000,4,"2014-01-31 07:00:00",0.00999999999999979,0.00999999999999979,0.00999999999999979,1,1.00408163265306
100000,4,"2014-01-31 07:30:00",0.0100000000000002,0.0100000000000002,0.0100000000000002,1,1.00409836065574
100000,4,"2014-01-31 08:00:00",0.00999999999999979,0.00999999999999979,0.00999999999999979,1,1.00411522633745
100000,4,"2014-01-31 08:30:00",0.0100000000000002,0.0100000000000002,0.0100000000000002,1,1.00413223140496
100000,4,"2014-01-31 09:00:00",0.00999999999999979,0.00999999999999979,0.00999999999999979,1,1.00414937759336
100000,4,"2014-01-31 09:30:00",0.0100000000000002,0.0100000000000002,0.0100000000000002,1,1.00416666666667
100000,4,"2014-01-31 10:00:00",0.00999999999999979,0.00999999999999979,0.00999999999999979,1,1.00418410041841
100000,4,"2014-01-31 11:15:00",0.100000000000001,0.100000000000001,0.100000000000001,1,1.00344827586207
100000,4,"2014-01-31 11:45:00",26.41,13.1,1.88642857142857,14,11.1969111969112
100000,4,"2014-01-31 18:45:00",42,14.8,3.23076923076923,13,2.26126126126126
100000,4,"2014-01-31 23:30:00",31.13,14.4,1.415,22,15.3456221198157
100000,4,"2014-02-01 15:15:00",0.5,0.199999999999999,0.166666666666667,3,1.01683501683502
100000,4,"2014-02-01 17:15:00",26.85,14.2,6.7125,4,8.16
100000,4,"2014-02-01 20:30:00",41.96,19.9,4.196,10,16.8939393939394
100000,4,"2014-02-01 23:15:00",0.0100000000000002,0.0100000000000002,0.0100000000000002,1,1.00380228136882
100000,4,"2014-02-02 00:00:00",0.00999999999999979,0.00999999999999979,0.00999999999999979,1,1.00381679389313
100000,4,"2014-02-02 00:45:00",0.0100000000000002,0.0100000000000002,0.0100000000000002,1,1.00383141762452
100000,4,"2014-02-02 01:30:00",0.00999999999999979,0.00999999999999979,0.00999999999999979,1,1.00384615384615
100000,4,"2014-02-02 02:00:00",0.0100000000000002,0.0100000000000002,0.0100000000000002,1,1.003861003861
100000,4,"2014-02-02 02:45:00",0.00999999999999979,0.00999999999999979,0.00999999999999979,1,1.00387596899225
100000,4,"2014-02-02 03:30:00",0.0100000000000002,0.0100000000000002,0.0100000000000002,1,1.00389105058366
100000,4,"2014-02-02 04:00:00",0.00999999999999979,0.00999999999999979,0.00999999999999979,1,1.00390625
100000,4,"2014-02-02 04:45:00",0.0100000000000002,0.0100000000000002,0.0100000000000002,1,1.00392156862745
100000,4,"2014-02-02 05:30:00",0.00999999999999979,0.00999999999999979,0.00999999999999979,1,1.00393700787402
100000,4,"2014-02-02 07:15:00",5.39999999999999,4.89999999999999,2.7,2,1.07356948228883
100000,4,"2014-02-02 08:15:00",0.799999999999997,0.599999999999994,0.399999999999999,2,1.01063829787234
100000,4,"2014-02-02 09:30:00",0.0999999999999943,0.0999999999999943,0.0999999999999943,1,1.00127551020408
100000,4,"2014-02-02 10:00:00",4.40000000000001,2.40000000000001,1.1,4,1.05945945945946
100000,4,"2014-02-02 11:45:00",0.599999999999994,0.100000000000009,0.099999999999999,6,1.00765306122449
100000,4,"2014-02-02 13:30:00",18.6,8.5,1.32857142857143,14,1.31103678929766
100000,4,"2014-02-02 20:30:00",38.5,18.6,12.8333333333333,3,1.99740932642487
100000,4,"2014-02-02 21:30:00",5.3,1.9,0.757142857142858,7,1.15915915915916
100000,4,"2014-02-02 23:30:00",31.41,13.28,1.5705,20,14.7161572052402
100000,4,"2014-02-03 04:45:00",0.02,0.0100000000000002,0.01,2,1.00881057268722
100000,4,"2014-02-03 08:45:00",0.0999999999999943,0.0999999999999943,0.0999999999999943,1,1.00129032258065
100000,4,"2014-02-03 09:30:00",1.09999999999999,0.700000000000003,0.549999999999997,2,1.01439790575916
100000,4,"2014-02-03 10:30:00",1.30000000000001,1.30000000000001,1.30000000000001,1,1.01708278580815
100000,4,"2014-02-03 11:15:00",47.6,14.5,5.95,8,2.55555555555556
100000,4,"2014-02-03 20:30:00",0.299999999999997,0.299999999999997,0.299999999999997,1,1.00380710659898
100000,4,"2014-02-03 21:15:00",77.26,16,2.414375,32,38.8725490196078
100000,4,"2014-02-04 08:30:00",1.2,1.2,1.2,1,1.01702127659574
100000,4,"2014-02-04 09:30:00",0.0999999999999943,0.0999999999999943,0.0999999999999943,1,1.00142045454545
100000,4,"2014-02-04 10:30:00",22.7,9.60000000000001,5.675,4,1.38151260504202
100000,4,"2014-02-04 11:45:00",0.100000000000001,0.100000000000001,0.100000000000001,1,1.0016835016835
100000,4,"2014-02-04 12:15:00",0.100000000000001,0.100000000000001,0.100000000000001,1,1.00168634064081
100000,4,"2014-02-04 13:15:00",20.4,9.8,6.8,3,1.51645569620253
100000,4,"2014-02-04 19:00:00",0.199999999999989,0.0999999999999943,0.0999999999999943,2,1.00239808153477
100000,4,"2014-02-04 19:45:00",53.3,14.7,5.92222222222222,9,2.77076411960133
100000,4,"2014-02-04 22:15:00",27.78,13.89,1.63411764705882,17,12.9741379310345
100000,4,"2014-02-05 05:15:00",4.1,2.09999999999999,1.36666666666667,3,1.11516853932584
100000,4,"2014-02-05 08:00:00",0.400000000000006,0.300000000000011,0.200000000000003,2,1.00516129032258
100000,4,"2014-02-05 14:15:00",0.0999999999999943,0.0999999999999943,0.0999999999999943,1,1.00123456790123
100000,4,"2014-02-05 15:00:00",0.0999999999999943,0.0999999999999943,0.0999999999999943,1,1.00123609394314
100000,4,"2014-02-05 15:30:00",0.100000000000009,0.100000000000009,0.100000000000009,1,1.00123762376238
100000,4,"2014-02-05 16:00:00",0.0999999999999943,0.0999999999999943,0.0999999999999943,1,1.00123915737299
100000,4,"2014-02-05 16:30:00",0.100000000000009,0.100000000000009,0.100000000000009,1,1.00124069478908
100000,4,"2014-02-05 17:00:00",0.0999999999999943,0.0999999999999943,0.0999999999999943,1,1.00124223602484
100000,4,"2014-02-05 17:30:00",0.0999999999999943,0.0999999999999943,0.0999999999999943,1,1.00124378109453
100000,4,"2014-02-05 18:00:00",0.100000000000009,0.100000000000009,0.100000000000009,1,1.00124533001245
100000,4,"2014-02-05 18:30:00",0.0999999999999943,0.0999999999999943,0.0999999999999943,1,1.00124688279302
100000,4,"2014-02-05 19:00:00",0.100000000000009,0.100000000000009,0.100000000000009,1,1.00124843945069
100000,4,"2014-02-05 19:45:00",19.8,9.8,3.3,6,1.32835820895522
100000,4,"2014-02-05 21:30:00",0.0999999999999943,0.0999999999999943,0.0999999999999943,1,1.00166112956811
100000,4,"2014-02-05 22:00:00",57.71,14.8,4.12214285714286,14,24.1767068273092
100000,4,"2014-02-06 01:45:00",0.0100000000000002,0.0100000000000002,0.0100000000000002,1,1.00403225806452
100000,4,"2014-02-06 02:30:00",0.00999999999999979,0.00999999999999979,0.00999999999999979,1,1.00404858299595
100000,4,"2014-02-06 03:00:00",0.0100000000000002,0.0100000000000002,0.0100000000000002,1,1.00406504065041
100000,4,"2014-02-06 03:30:00",0.00999999999999979,0.00999999999999979,0.00999999999999979,1,1.00408163265306
100000,4,"2014-02-06 04:00:00",0.0100000000000002,0.0100000000000002,0.0100000000000002,1,1.00409836065574
100000,4,"2014-02-06 04:45:00",0.00999999999999979,0.00999999999999979,0.00999999999999979,1,1.00411522633745
100000,4,"2014-02-06 09:00:00",0.199999999999989,0.0999999999999943,0.0999999999999943,2,1.00242718446602
100000,4,"2014-02-06 09:45:00",0.5,0.100000000000009,0.1,5,1.00610500610501
100000,4,"2014-02-06 11:15:00",6,2.5,0.75,8,1.07905138339921
100000,4,"2014-02-06 14:00:00",1.39999999999999,1,0.699999999999996,2,1.01874163319946
100000,4,"2014-02-06 17:45:00",0.899999999999991,0.299999999999997,0.179999999999998,5,1.01126408010013
100000,4,"2014-02-06 20:15:00",0.200000000000003,0.100000000000009,0.100000000000001,2,1.00236127508855
100000,4,"2014-02-06 21:00:00",0.100000000000009,0.100000000000009,0.100000000000009,1,1.00118203309693
100000,4,"2014-02-06 21:30:00",0.0999999999999943,0.0999999999999943,0.0999999999999943,1,1.00118343195266
100000,4,"2014-02-06 22:00:00",53,16,6.625,8,2.68253968253968
100000,4,"2014-02-07 00:45:00",29.24,14.6,4.87333333333333,6,12.421875
100000,4,"2014-02-07 02:30:00",0.0100000000000002,0.0100000000000002,0.0100000000000002,1,1.00392156862745
100000,4,"2014-02-07 03:00:00",0.02,0.0100000000000002,0.01,2,1.00790513833992
100000,4,"2014-02-07 03:45:00",0.02,0.0100000000000002,0.01,2,1.00796812749004
100000,4,"2014-02-07 04:30:00",0.00999999999999979,0.00999999999999979,0.00999999999999979,1,1.004
100000,4,"2014-02-07 05:00:00",0.02,0.0100000000000002,0.01,2,1.00806451612903
100000,4,"2014-02-07 05:45:00",0.02,0.0100000000000002,0.01,2,1.00813008130081
100000,4,"2014-02-07 06:30:00",0.00999999999999979,0.00999999999999979,0.00999999999999979,1,1.00408163265306
100000,4,"2014-02-07 12:15:00",75.81,23.9,8.42333333333333,9,30.2702702702703
100000,4,"2014-02-07 14:45:00",0.00999999999999979,0.00999999999999979,0.00999999999999979,1,1.00387596899225
100000,4,"2014-02-07 15:30:00",0.0100000000000002,0.0100000000000002,0.0100000000000002,1,1.00389105058366
100000,4,"2014-02-07 16:30:00",0.00999999999999979,0.00999999999999979,0.00999999999999979,1,1.00390625
100000,4,"2014-02-07 18:15:00",0.599999999999994,0.5,0.299999999999997,2,1.00727272727273
100000,4,"2014-02-07 19:15:00",53.5,15.6,4.45833333333333,12,2.8135593220339
100000,4,"2014-02-07 22:30:00",27.28,12.6,1.51555555555556,18,13.2882882882883
100000,4,"2014-02-08 03:15:00",0.04,0.0100000000000002,0.01,4,1.01834862385321
100000,4,"2014-02-08 04:30:00",0.04,0.0100000000000002,0.01,4,1.01869158878505
100000,4,"2014-02-08 05:45:00",0.04,0.0100000000000002,0.01,4,1.01904761904762
100000,4,"2014-02-08 07:00:00",0.0300000000000002,0.0100000000000002,0.0100000000000001,3,1.01449275362319
100000,4,"2014-02-08 12:15:00",27.66,14,4.61,6,10.4081632653061
100000,4,"2014-02-08 15:45:00",0.36,0.0899999999999999,0.072,5,1.13284132841328
100000,4,"2014-02-08 19:45:00",0.199999999999996,0.100000000000001,0.0999999999999979,2,1.00316455696203
100000,4,"2014-02-08 20:30:00",33.2,15,8.3,4,2.10666666666667
100000,4,"2014-02-08 21:45:00",6.2,6.1,3.1,2,1.26050420168067
100000,4,"2014-02-08 22:45:00",28.51,13.9,1.29590909090909,22,13.4497816593886
100000,4,"2014-02-09 07:00:00",0.400000000000006,0.400000000000006,0.400000000000006,1,1.00532623169108
100000,4,"2014-02-09 07:30:00",1.7,0.899999999999991,0.850000000000001,2,1.02294197031039
100000,4,"2014-02-09 08:15:00",1.59999999999999,1,0.799999999999997,2,1.02206896551724
100000,4,"2014-02-09 09:30:00",5.7,3.3,2.85,2,1.08166189111748
100000,4,"2014-02-09 10:15:00",1.3,0.900000000000006,0.433333333333332,3,1.01875901875902
100000,4,"2014-02-09 11:45:00",3.8,2.7,1.26666666666667,3,1.05367231638418
100000,4,"2014-02-09 14:15:00",22.9,6.3,2.8625,8,1.41712204007286
100000,4,"2014-02-09 18:00:00",2.40000000000001,1.3,0.400000000000001,6,1.03166226912929
100000,4,"2014-02-09 20:00:00",26,10,2.6,10,1.48507462686567
100000,4,"2014-02-09 23:15:00",64.44,17.5,2.47846153846154,26,29.5132743362832
100000,4,"2014-02-10 07:45:00",2.8,1,0.699999999999999,4,1.03768506056528
100000,4,"2014-02-10 09:15:00",1,0.600000000000009,0.5,2,1.01349527665317
100000,4,"2014-02-10 10:00:00",2,1.10000000000001,0.5,4,1.02762430939227
100000,4,"2014-02-10 11:45:00",4.8,2.90000000000001,1.2,4,1.06827880512091
100000,4,"2014-02-10 13:15:00",4.5,3,2.25,2,1.06559766763848
100000,4,"2014-02-10 15:00:00",13,6.09999999999999,2.16666666666667,6,1.21848739495798
100000,4,"2014-02-10 18:00:00",2,1.7,0.666666666666667,3,1.0258064516129
100000,4,"2014-02-10 19:00:00",1.3,0.799999999999997,0.649999999999999,2,1.01701570680628
100000,4,"2014-02-10 20:15:00",79.49,18.5,1.98725,40,35.4112554112554
100000,4,"2014-02-11 08:15:00",1.3,1.3,1.3,1,1.01813110181311
100000,4,"2014-02-11 09:15:00",18.2,8.3,4.55,4,1.30333333333333
100000,4,"2014-02-11 10:30:00",1.5,0.599999999999994,0.214285714285714,7,1.02564102564103
100000,4,"2014-02-11 15:00:00",27.4,9.8,3.04444444444444,9,1.86984126984127
100000,4,"2014-02-11 20:00:00",0.0999999999999943,0.0999999999999943,0.0999999999999943,1,1.00125470514429
100000,4,"2014-02-11 20:30:00",0.5,0.100000000000009,0.1,5,1.00631313131313
100000,4,"2014-02-11 22:00:00",0.400000000000006,0.100000000000009,0.100000000000001,4,1.00507614213198
100000,4,"2014-02-11 23:15:00",76.28,19.6,3.17833333333333,24,31.2698412698413
100000,4,"2014-02-12 07:00:00",3.8,1.8,0.949999999999999,4,1.0484693877551
100000,4,"2014-02-12 08:45:00",0.100000000000009,0.100000000000009,0.100000000000009,1,1.00127713920817
100000,4,"2014-02-12 09:30:00",41.2,20.1,5.88571428571429,7,2.11051212938005
100000,4,"2014-02-12 12:00:00",11.5,5.2,2.3,5,1.37704918032787
100000,4,"2014-02-12 14:45:00",28.01,14.4,4.00142857142857,7,10.6920415224913
100000,4,"2014-02-12 19:00:00",76.92,18.5,4.27333333333333,18,29.7014925373134
100000,4,"2014-02-12 23:45:00",0.0300000000000002,0.0100000000000002,0.0100000000000001,3,1.01132075471698
100000,4,"2014-02-13 00:45:00",0.0299999999999998,0.0100000000000002,0.00999999999999993,3,1.01145038167939
100000,4,"2014-02-13 01:45:00",0.04,0.0100000000000002,0.01,4,1.01550387596899
100000,4,"2014-02-13 03:00:00",0.0300000000000002,0.0100000000000002,0.0100000000000001,3,1.01176470588235
100000,4,"2014-02-13 04:00:00",0.04,0.0100000000000002,0.01,4,1.01593625498008
100000,4,"2014-02-13 05:15:00",0.0299999999999998,0.0100000000000002,0.00999999999999993,3,1.01209677419355
100000,4,"2014-02-13 09:15:00",1,0.899999999999991,0.5,2,1.01317523056653
100000,4,"2014-02-13 10:30:00",1.8,1.09999999999999,0.599999999999999,3,1.02337662337662
100000,4,"2014-02-13 11:30:00",38.4,11.5,5.48571428571429,7,1.99481865284974
100000,4,"2014-02-13 13:30:00",8.1,3.9,1.15714285714286,7,1.26384364820847
100000,4,"2014-02-13 15:30:00",0.300000000000001,0.100000000000001,0.1,3,1.00986842105263
100000,4,"2014-02-13 16:30:00",0.199999999999999,0.100000000000001,0.0999999999999996,2,1.00662251655629
100000,4,"2014-02-13 18:00:00",1.89999999999999,1.09999999999999,0.949999999999996,2,1.02536715620828
100000,4,"2014-02-13 19:30:00",74.92,14.4,2.9968,25,28.955223880597
100000,4,"2014-02-14 02:15:00",0.0100000000000002,0.0100000000000002,0.0100000000000002,1,1.00374531835206
100000,4,"2014-02-14 03:00:00",0.00999999999999979,0.00999999999999979,0.00999999999999979,1,1.00375939849624
100000,4,"2014-02-14 03:45:00",0.0100000000000002,0.0100000000000002,0.0100000000000002,1,1.00377358490566
100000,4,"2014-02-14 04:45:00",0.00999999999999979,0.00999999999999979,0.00999999999999979,1,1.00378787878788
100000,4,"2014-02-14 05:30:00",0.0100000000000002,0.0100000000000002,0.0100000000000002,1,1.00380228136882
100000,4,"2014-02-14 06:15:00",0.00999999999999979,0.00999999999999979,0.00999999999999979,1,1.00381679389313
100000,4,"2014-02-14 07:00:00",0.0100000000000002,0.0100000000000002,0.0100000000000002,1,1.00383141762452
100000,4,"2014-02-14 07:45:00",0.00999999999999979,0.00999999999999979,0.00999999999999979,1,1.00384615384615
100000,4,"2014-02-14 08:30:00",0.0100000000000002,0.0100000000000002,0.0100000000000002,1,1.003861003861
100000,4,"2014-02-14 09:45:00",0.600000000000001,0.600000000000001,0.600000000000001,1,1.02
100000,4,"2014-02-14 10:15:00",27.44,13.7,1.52444444444444,18,11.71875
100000,4,"2014-02-14 19:00:00",72.79,19.4,4.85266666666667,15,28.8888888888889
100000,4,"2014-02-15 00:15:00",0.00999999999999979,0.00999999999999979,0.00999999999999979,1,1.00384615384615
100000,4,"2014-02-15 03:15:00",0.0100000000000002,0.0100000000000002,0.0100000000000002,1,1.003861003861
100000,4,"2014-02-15 06:00:00",0.00999999999999979,0.00999999999999979,0.00999999999999979,1,1.00387596899225
100000,4,"2014-02-15 09:00:00",0.0100000000000002,0.0100000000000002,0.0100000000000002,1,1.00389105058366
100000,4,"2014-02-15 10:15:00",27.11,12.83,2.46454545454545,11,11.4671814671815
100000,4,"2014-02-15 13:15:00",0.00999999999999979,0.00999999999999979,0.00999999999999979,1,1.00387596899225
100000,4,"2014-02-15 13:45:00",0.0100000000000002,0.0100000000000002,0.0100000000000002,1,1.00389105058366
100000,4,"2014-02-15 14:30:00",0.00999999999999979,0.00999999999999979,0.00999999999999979,1,1.00390625
100000,4,"2014-02-15 15:00:00",0.0100000000000002,0.0100000000000002,0.0100000000000002,1,1.00392156862745
100000,4,"2014-02-15 15:30:00",0.00999999999999979,0.00999999999999979,0.00999999999999979,1,1.00393700787402
100000,4,"2014-02-15 16:15:00",0.0100000000000002,0.0100000000000002,0.0100000000000002,1,1.00395256916996
100000,4,"2014-02-15 16:45:00",0.00999999999999979,0.00999999999999979,0.00999999999999979,1,1.00396825396825
100000,4,"2014-02-15 20:30:00",1.3,1.3,1.3,1,1.03030303030303
100000,4,"2014-02-15 21:15:00",23,8.2,3.28571428571429,7,1.74918566775244
100000,4,"2014-02-15 23:45:00",33.42,17,4.1775,8,13.953488372093
100000,4,"2014-02-16 02:00:00",0.0100000000000002,0.0100000000000002,0.0100000000000002,1,1.00389105058366
100000,4,"2014-02-16 02:30:00",0.00999999999999979,0.00999999999999979,0.00999999999999979,1,1.00390625
100000,4,"2014-02-16 03:00:00",0.02,0.0100000000000002,0.01,2,1.00787401574803
100000,4,"2014-02-16 03:45:00",0.0100000000000002,0.0100000000000002,0.0100000000000002,1,1.00395256916996
100000,4,"2014-02-16 04:15:00",0.00999999999999979,0.00999999999999979,0.00999999999999979,1,1.00396825396825
100000,4,"2014-02-16 04:45:00",0.0100000000000002,0.0100000000000002,0.0100000000000002,1,1.00398406374502
100000,4,"2014-02-16 05:15:00",0.0199999999999996,0.00999999999999979,0.00999999999999979,2,1.00803212851406
100000,4,"2014-02-16 06:00:00",0.0100000000000002,0.0100000000000002,0.0100000000000002,1,1.00403225806452
100000,4,"2014-02-16 08:15:00",0.0999999999999943,0.0999999999999943,0.0999999999999943,1,1.00143472022956
100000,4,"2014-02-16 11:00:00",6.2,1.8,1.24,5,1.09763779527559
100000,4,"2014-02-16 13:00:00",4.9,3.2,2.45,2,1.07890499194847
100000,4,"2014-02-16 14:00:00",4.5,1.7,1.125,4,1.07705479452055
100000,4,"2014-02-16 18:30:00",5.8,2.90000000000001,2.9,2,1.0835734870317
100000,4,"2014-02-16 20:15:00",12.9,6.2,2.58,5,1.22791519434629
100000,4,"2014-02-16 22:15:00",24.7,12.5,8.23333333333333,3,1.7742946708464
100000,4,"2014-02-16 23:15:00",0.0999999999999979,0.0999999999999979,0.0999999999999979,1,1.00314465408805
100000,4,"2014-02-17 00:00:00",30.96,14.87,1.548,20,13.1889763779528
100000,4,"2014-02-17 10:15:00",0.0999999999999943,0.0999999999999943,0.0999999999999943,1,1.00123609394314
100000,4,"2014-02-17 10:45:00",0.100000000000009,0.100000000000009,0.100000000000009,1,1.00123762376238
100000,4,"2014-02-17 11:15:00",0.0999999999999943,0.0999999999999943,0.0999999999999943,1,1.00123915737299
100000,4,"2014-02-17 11:45:00",4.5,2.7,1.125,4,1.05836575875486
100000,4,"2014-02-17 13:00:00",0.299999999999997,0.100000000000009,0.099999999999999,3,1.00390625
100000,4,"2014-02-17 14:00:00",1.7,0.900000000000006,0.566666666666668,3,1.02263648468708
100000,4,"2014-02-17 15:30:00",4.3,2.8,1.43333333333333,3,1.06022408963585
100000,4,"2014-02-17 18:00:00",0.299999999999997,0.100000000000009,0.099999999999999,3,1.00374064837905
100000,4,"2014-02-17 19:00:00",3.8,2.5,1.9,2,1.04973821989529
100000,4,"2014-02-17 20:15:00",6.09999999999999,4,2.03333333333333,3,1.08448753462604
100000,4,"2014-02-17 21:15:00",0.700000000000003,0.700000000000003,0.700000000000003,1,1.00970873786408
100000,4,"2014-02-17 22:00:00",6,2.60000000000001,2,3,1.08310249307479
100000,4,"2014-02-17 23:00:00",31.6,14.7,6.32,5,1.76699029126214
100000,4,"2014-02-18 00:30:00",38.58,14.5,1.929,20,15.7251908396947
100000,4,"2014-02-18 07:30:00",1.09999999999999,0.899999999999991,0.549999999999997,2,1.01578192252511
100000,4,"2014-02-18 08:30:00",0.700000000000003,0.299999999999997,0.233333333333334,3,1.00905562742561
100000,4,"2014-02-18 10:30:00",20.7,10.7,2.95714285714286,7,1.3526405451448
100000,4,"2014-02-18 12:30:00",0.199999999999996,0.100000000000001,0.0999999999999979,2,1.00335008375209
100000,4,"2014-02-18 13:15:00",1,0.100000000000001,0.1,10,1.01703577512777
100000,4,"2014-02-18 19:30:00",78.9,22,2.02307692307692,39,31.3461538461538
100000,4,"2014-02-19 07:45:00",1.3,1.3,1.3,1,1.01692708333333
100000,4,"2014-02-19 08:15:00",0.200000000000003,0.100000000000009,0.100000000000001,2,1.00261096605744
100000,4,"2014-02-19 09:30:00",75.36,16.9,5.79692307692308,13,26.6326530612245
100000,4,"2014-02-19 13:15:00",0.00999999999999979,0.00999999999999979,0.00999999999999979,1,1.00326797385621
100000,4,"2014-02-19 15:00:00",0.2,0.0600000000000001,0.0499999999999999,4,1.06779661016949
100000,4,"2014-02-19 16:45:00",0.900000000000002,0.900000000000002,0.900000000000002,1,1.02931596091205
100000,4,"2014-02-19 18:15:00",0.300000000000011,0.300000000000011,0.300000000000011,1,1.00386597938144
100000,4,"2014-02-19 20:15:00",76.66,21.9,2.07189189189189,37,31.1811023622047
100000,4,"2014-02-20 07:45:00",44.5,14,2.34210526315789,19,2.35670731707317
100000,4,"2014-02-20 19:00:00",47.9,20.5,5.32222222222222,9,2.40469208211144
100000,4,"2014-02-20 23:00:00",38.17,13.46,1.09057142857143,35,16.7078189300412
100000,4,"2014-02-21 08:45:00",1.1,1.1,1.1,1,1.03333333333333
100000,4,"2014-02-21 13:00:00",39.09,13.3,3.00692307692308,13,14.9110320284697
100000,4,"2014-02-21 20:00:00",44.7,17.2,3.725,12,2.26988636363636
100000,4,"2014-02-21 23:30:00",36.41,18.7,9.1025,4,14.5353159851301
100000,4,"2014-02-22 11:15:00",28.23,14.1,2.17153846153846,13,11.9844357976654
100000,4,"2014-02-22 16:15:00",0.00999999999999979,0.00999999999999979,0.00999999999999979,1,1.00390625
100000,4,"2014-02-22 20:15:00",34.56,14.4,3.84,9,14.0909090909091
100000,4,"2014-02-22 23:00:00",0.0100000000000002,0.0100000000000002,0.0100000000000002,1,1.00380228136882
100000,4,"2014-02-22 23:30:00",0.00999999999999979,0.00999999999999979,0.00999999999999979,1,1.00381679389313
100000,4,"2014-02-23 00:15:00",0.0100000000000002,0.0100000000000002,0.0100000000000002,1,1.00383141762452
100000,4,"2014-02-23 01:00:00",0.00999999999999979,0.00999999999999979,0.00999999999999979,1,1.00384615384615
100000,4,"2014-02-23 01:45:00",0.0100000000000002,0.0100000000000002,0.0100000000000002,1,1.003861003861
100000,4,"2014-02-23 02:30:00",0.00999999999999979,0.00999999999999979,0.00999999999999979,1,1.00387596899225
100000,4,"2014-02-23 03:00:00",0.0100000000000002,0.0100000000000002,0.0100000000000002,1,1.00389105058366
100000,4,"2014-02-23 03:45:00",0.00999999999999979,0.00999999999999979,0.00999999999999979,1,1.00390625
100000,4,"2014-02-23 09:30:00",2.59999999999999,1.5,1.3,2,1.03661971830986
100000,4,"2014-02-23 10:45:00",9.8,7.3,4.9,2,1.14626865671642
100000,4,"2014-02-23 12:15:00",10.3,5.7,3.43333333333333,3,1.15749235474006
100000,4,"2014-02-23 13:15:00",0.299999999999997,0.299999999999997,0.299999999999997,1,1.00454545454545
100000,4,"2014-02-23 14:00:00",1.39999999999999,0.900000000000006,0.466666666666664,3,1.02031930333817
100000,4,"2014-02-23 15:15:00",10.7,6.2,3.56666666666667,3,1.18166383701188
100000,4,"2014-02-23 18:00:00",47.1,10.5,4.28181818181818,11,2.58585858585859
100000,4,"2014-02-23 21:45:00",31.63,16.5,4.51857142857143,7,12.8464419475655
100000,4,"2014-02-23 23:45:00",0.02,0.0100000000000002,0.01,2,1.00754716981132
100000,4,"2014-02-24 00:30:00",0.0299999999999998,0.0100000000000002,0.00999999999999993,3,1.01145038167939
100000,4,"2014-02-24 01:30:00",0.02,0.0100000000000002,0.01,2,1.00769230769231
100000,4,"2014-02-24 02:15:00",0.02,0.0100000000000002,0.01,2,1.0077519379845
100000,4,"2014-02-24 03:00:00",0.0300000000000002,0.0100000000000002,0.0100000000000001,3,1.01176470588235
100000,4,"2014-02-24 04:00:00",0.00999999999999979,0.00999999999999979,0.00999999999999979,1,1.00393700787402
100000,4,"2014-02-24 05:30:00",0.100000000000001,0.100000000000001,0.100000000000001,1,1.0031746031746
100000,4,"2014-02-24 08:00:00",18.2,7.9,1.4,13,1.30132450331126
100000,4,"2014-02-24 12:00:00",0.100000000000001,0.100000000000001,0.100000000000001,1,1.00162601626016
100000,4,"2014-02-24 12:30:00",0.100000000000001,0.100000000000001,0.100000000000001,1,1.00162866449511
100000,4,"2014-02-24 13:00:00",0.100000000000001,0.100000000000001,0.100000000000001,1,1.00163132137031
100000,4,"2014-02-24 13:45:00",29.6,13.7,4.22857142857143,7,1.93375394321767
100000,4,"2014-02-24 15:45:00",0.199999999999999,0.100000000000001,0.0999999999999996,2,1.00634920634921
100000,4,"2014-02-24 16:30:00",28.78,14.9,5.756,5,11.5808823529412
100000,4,"2014-02-24 19:30:00",24.8,9.1,4.13333333333333,6,1.46268656716418
100000,4,"2014-02-24 21:30:00",18.7,9,4.675,4,1.45060240963855
100000,4,"2014-02-24 22:45:00",38.89,17.9,3.53545454545455,11,15.9003831417625
100000,4,"2014-02-25 01:45:00",0.00999999999999979,0.00999999999999979,0.00999999999999979,1,1.00384615384615
100000,4,"2014-02-25 02:30:00",0.0100000000000002,0.0100000000000002,0.0100000000000002,1,1.003861003861
100000,4,"2014-02-25 03:30:00",0.00999999999999979,0.00999999999999979,0.00999999999999979,1,1.00387596899225
100000,4,"2014-02-25 04:15:00",0.0100000000000002,0.0100000000000002,0.0100000000000002,1,1.00389105058366
100000,4,"2014-02-25 11:45:00",3.2,2.09999999999999,1.6,2,1.04526166902405
100000,4,"2014-02-25 12:30:00",7.5,3.8,2.5,3,1.11867088607595
100000,4,"2014-02-25 14:00:00",2.89999999999999,1.5,0.966666666666664,3,1.04044630404463
100000,4,"2014-02-25 15:15:00",4.5,1.2,0.642857142857143,7,1.06224066390041
100000,4,"2014-02-25 18:30:00",1.8,1.40000000000001,0.899999999999999,2,1.02295918367347
100000,4,"2014-02-25 19:15:00",23.1,7.7,2.56666666666667,9,1.41472172351885
100000,4,"2014-02-25 22:00:00",4.09999999999999,2.8,2.05,2,1.0672131147541
100000,4,"2014-02-25 23:30:00",65.26,16.1,9.32285714285714,7,25.719696969697
100000,4,"2014-02-26 01:30:00",0.04,0.0100000000000002,0.01,4,1.01538461538462
100000,4,"2014-02-26 02:45:00",0.0300000000000002,0.0100000000000002,0.0100000000000001,3,1.01167315175097
100000,4,"2014-02-26 03:45:00",0.04,0.0100000000000002,0.01,4,1.01581027667984
100000,4,"2014-02-26 05:00:00",0.0299999999999998,0.0100000000000002,0.00999999999999993,3,1.012
100000,4,"2014-02-26 11:30:00",5.7,3.2,1.9,3,1.09452736318408
100000,4,"2014-02-26 12:30:00",30.5,14.1,3.8125,8,2.02348993288591
100000,4,"2014-02-26 16:00:00",4.2,2.2,2.1,2,1.10769230769231
100000,4,"2014-02-26 17:15:00",0.600000000000001,0.600000000000001,0.600000000000001,1,1.00995024875622
100000,4,"2014-02-26 18:15:00",1.09999999999999,0.200000000000003,0.183333333333332,6,1.01394169835234
100000,4,"2014-02-26 20:00:00",4.60000000000001,3.8,2.3,2,1.06191117092867
100000,4,"2014-02-26 21:00:00",6,5,3,2,1.08152173913043
100000,4,"2014-02-26 22:00:00",72.53,17.7,5.57923076923077,13,29.2217898832685
100000,4,"2014-02-27 01:30:00",0.0299999999999998,0.0100000000000002,0.00999999999999993,3,1.01181102362205
100000,4,"2014-02-27 02:30:00",0.0300000000000002,0.0100000000000002,0.0100000000000001,3,1.01195219123506
100000,4,"2014-02-27 03:30:00",0.0399999999999996,0.0100000000000002,0.0099999999999999,4,1.01619433198381
100000,4,"2014-02-27 04:45:00",0.0300000000000002,0.0100000000000002,0.0100000000000001,3,1.01229508196721
100000,4,"2014-02-27 05:45:00",0.00999999999999979,0.00999999999999979,0.00999999999999979,1,1.00411522633745
100000,4,"2014-02-27 07:30:00",0.100000000000001,0.100000000000001,0.100000000000001,1,1.0016501650165
100000,4,"2014-02-27 08:45:00",0.700000000000003,0.700000000000003,0.700000000000003,1,1.01
100000,4,"2014-02-27 09:30:00",3.59999999999999,1.89999999999999,1.8,2,1.05255474452555
100000,4,"2014-02-27 10:15:00",4.80000000000001,1.60000000000001,1.2,4,1.07430340557276
100000,4,"2014-02-27 11:45:00",5.8,3.99999999999999,1.93333333333333,3,1.0952380952381
100000,4,"2014-02-27 13:30:00",2.69999999999999,1.59999999999999,1.34999999999999,2,1.04035874439462
100000,4,"2014-02-27 14:15:00",0.299999999999997,0.200000000000003,0.149999999999999,2,1.00438596491228
100000,4,"2014-02-27 15:15:00",37,18,9.25,4,2.12121212121212
100000,4,"2014-02-27 16:45:00",0.100000000000001,0.100000000000001,0.100000000000001,1,1.00303951367781
100000,4,"2014-02-27 18:00:00",0.299999999999997,0.100000000000009,0.099999999999999,3,1.00458015267176
100000,4,"2014-02-27 19:00:00",3.3,1.60000000000001,0.824999999999999,4,1.05305466237942
100000,4,"2014-02-27 20:15:00",0.100000000000001,0.100000000000001,0.100000000000001,1,1.00161030595813
100000,4,"2014-02-27 20:45:00",59.51,15,3.719375,16,23.976833976834
100000,4,"2014-02-28 01:15:00",0.00999999999999979,0.00999999999999979,0.00999999999999979,1,1.00387596899225
100000,4,"2014-02-28 02:15:00",0.0100000000000002,0.0100000000000002,0.0100000000000002,1,1.00389105058366
100000,4,"2014-02-28 03:00:00",0.00999999999999979,0.00999999999999979,0.00999999999999979,1,1.00390625
100000,4,"2014-02-28 04:00:00",0.0100000000000002,0.0100000000000002,0.0100000000000002,1,1.00392156862745
100000,4,"2014-02-28 05:00:00",0.00999999999999979,0.00999999999999979,0.00999999999999979,1,1.00393700787402
100000,4,"2014-02-28 06:00:00",0.0100000000000002,0.0100000000000002,0.0100000000000002,1,1.00395256916996
100000,4,"2014-02-28 07:00:00",0.00999999999999979,0.00999999999999979,0.00999999999999979,1,1.00396825396825
100000,4,"2014-02-28 08:00:00",0.0100000000000002,0.0100000000000002,0.0100000000000002,1,1.00398406374502
100000,4,"2014-02-28 09:00:00",0.00999999999999979,0.00999999999999979,0.00999999999999979,1,1.004
100000,4,"2014-02-28 10:30:00",27.74,13.7,3.08222222222222,9,12.2764227642276
100000,4,"2014-02-28 19:45:00",28.5,14.5,3.5625,8,12.4
100000,4,"2014-02-28 22:45:00",0.00999999999999979,0.00999999999999979,0.00999999999999979,1,1.00401606425703
